id_usgs,name_usgs,id_nws
3.74E+14,003s028e34rs01m Hot C Fh,
3.74E+14,003s028e35ks01m Hot C Fh,
3.74E+14,003s028e35ns03m Hot C Fh,
3.61E+14,162  S20 E56 31dada1    Kiup Spring,KSGN2
3.56E+14,162  S23 E55 05baab1    Stump Spring,SSGN2
3.60E+14,163  S22 E58 07adda1    Rainbow Spring,RSGN2
9415590,"209 S05 E60 10 1 Crystal Spgs Nr Hiko, Nv",
3.63E+14,220  S17 E67 02acab1    Spring (report R50),
3.63E+14,230  S17 E53 21cac 1    Grapevine Springs,GSUN2
3.63E+14,230 S17 E50 36dc 2 Usnps - Devils Hole,
103087889,4l C Nr Markleeville Ca,
14200700,"Abiqua Creek At Silverton, Or",AQSO3
11509250,"Ady Canal Above Lower Klamath Nwr, Near Worden, Or",
11509200,"Ady Canal At Highway 97, Near Worden, Or",
11048200,Agua Chinon Wash Nr Irvine Ca,AQCC1
11172945,Alameda C Ab Div Dam Nr Sunol Ca,MPTC1
11173510,Alameda C Bl Calaveras C Nr Sunol Ca,
11172955,Alameda C Bl Div Dam Nr Sunol Ca,ACBC1
11173575,Alameda C Bl Welch C Nr Sunol Ca,AWEC1
11180700,Alameda C Flood Channel A Union City Ca,PUKC1
11179100,Alameda C Nr Fremont Ca,ALFC1
11179000,Alameda C Nr Niles Ca,NILC1
11174600,Alamo Cn Nr Pleasanton Ca,ALQC1
11128250,Alamo Pintado C Nr Solvang Ca,APDC1
10254730,Alamo R Nr Niland Ca,ZANC1
11128300,Alisal Res Nr Solvang Ca,ALSC1
9527700,All-american Canal Below Drop 2 Reservoir Outlet,
9523000,"All-american Canal Nr Imperial Dam, Ca-az",
14306500,"Alsea River Near Tidewater, Or",TIDO3
10251330,"Amargosa Rv Abv China Ranch Wash Nr Tecopa, Ca",AMCC1
10251259,Amargosa Rv At Hwy 127 Nr Ca-nv State Line,
10251300,"Amargosa Rv At Tecopa, Ca",TCPC1
11446500,American R A Fair Oaks Ca,AFOC1
11370700,Anderson-cottonwood Id Cn At Sharon Ave Redding Ca,
10259000,Andreas C Nr Palm Springs Ca,ANRC1
11503000,"Annie Spring Near Crater Lake, Or",ACLO3
14361900,"Applegate Lake Near Copper, Or.",APLO3
14366000,"Applegate River Near Applegate, Or",APRO3
14362000,"Applegate River Near Copper, Or",
14369500,"Applegate River Near Wilderville, Or",ARWO3
11447360,Arcade C Nr Del Paso Heights Ca,ACWC1
11176900,Arroyo De La Laguna A Verona Ca,ADLC1
11173200,Arroyo Hondo Nr San Jose Ca,AHOC1
11152050,Arroyo Seco Bl Reliz C Nr Soledad Ca,GRFC1
11151870,Arroyo Seco Nr Greenfield Ca,ARRC1
11098000,Arroyo Seco Nr Pasadena Ca,ASPC1
11152000,Arroyo Seco Nr Soledad Ca,SOLC1
11047300,Arroyo Trabuco A San Juan Capistrano Ca,ARYC1
11176400,Arroyo Valle Bl Lang Cyn Nr Livermore Ca,YLEC1
11176500,Arroyo Valle Nr Livermore Ca,LVKC1
10311200,"Ash Cyn Ck Nr Carson City, Nv",ACLN2
9415645,"Ash Spgs Ck Blw Div At Hwy 93 At Ash Spgs, Nv",ASCN2
94156395,"Ash Spgs Div Ditch Blw Hwy 93 At Ash Spgs, Nv",ADDN2
103087891,Aspen C Abv Leviathan Mine Nr Markleeville Ca,
11120000,Atascadero C Nr Goleta Ca,ATDC1
11467200,Austin C Nr Cazadero Ca,AUSC1
14034480,"Balm Fork Near Heppner, Or",
11447605,Barge Canal Nr West Sacramento Ca,
11376550,Battle C Bl Coleman Fish Hatchery Nr Cottonwood Ca,COTC1
11451715,Bear C Ab Holsten Chimney Cyn Nr Rumsey Ca,HCHC1
14357500,"Bear Creek At Medford, Or",MFDO3
14354200,"Bear Creek Blw Ashland Creek At Ashland, Or",
11424000,Bear R Nr Wheatland Ca,BRWC1
11292800,Beardsley Lake Near Strawberry Ca,BESC1
10317480,"Beaver Ck Abv Conf N Fk Humboldt Rv Nr Halleck, Nv",BVRN2
14142800,"Beaver Creek At Troutdale, Or",BCTO3
14096850,"Beaver Creek Below Quartz Creek, Nr Simnasho, Or",
14337500,"Big Butte Creek Near Mcleod, Or",
11284400,Big C Ab Whites Gulch Nr Groveland Ca,BCWC1
14181410,"Big Cliff Dam Tailwater Near Niagara, Or",
14181400,"Big Cliff Lake Near Niagara, Or",
10263500,Big Rock C Nr Valyermo Ca,BRQC1
102432241,"Big Spgs Ck North Channel Nr Baker, Nv",
10243224,"Big Spgs Ck South Channel Nr Baker, Nv",BSSN2
11463170,Big Sulphur C A G Resort Nr Cloverdale Ca,CDAC1
11463200,Big Sulphur C Nr Cloverdale Ca,BSCC1
11143000,Big Sur R Nr Big Sur Ca,BSRC1
11097000,Big Tujunga C Bl Hansen Dam Ca,TJCC1
10246835,"Big Warm Spgs Nr Duckwater, Nv",BWSN2
11299600,Black C Nr Copperopolis Ca,BCCC1
10255900,Black Wheel C Div Nr Banning Ca,
10336660,Blackwood C Nr Tahoe City Ca,BKDC1
14138800,"Blazed Alder Creek Near Rhododendron, Or",
14180300,"Blowout Creek Near Detroit, Or",
9419547,"Blue Point Spg Nr Valley Of Fire State Park, Nv",
14162200,"Blue River At Blue River, Or",
14161100,"Blue River Below Tidbits Creek, Nr Blue River, Or",BRTO3
14162100,"Blue River Lake Near Blue River, Or",
10344490,Boca Res Nr Truckee Ca,BCVC1
11048600,Bonita C A Irvine Ca,BOKC1
10251290,"Borehole Spg Channel Nr Tecopa Hot Spgs, Ca",BHSC1
10255810,Borrego Palm C Nr Borrego Springs Ca,BPCC1
10324700,"Boulder Ck Nr Dunphy, Nv",BCKN2
14316495,"Boulder Creek Near Toketee Falls, Or",
11088500,Brea C Bl Brea Dam Nr Fullerton Ca,BKBC1
14179000,"Breitenbush R Abv French Cr Nr Detroit, Or.",
14046778,"Bridge Cr Abv Coyote Canyon Nr Mitchell, Or",
14070900,"Bridge Creek Below Intake, Near Bend, Or",
10292500,"Bridgeport Re Nr Bridgeport, Ca",BPRC1
9527630,"Brock Reservoir Inlet Near Calexico, Ca",
9527660,"Brock Reservoir Outlet Near Calexico, Ca",
13161500,"Bruneau Rv At Rowland, Nv",BRON2
11466065,Brush C A Santa Rosa Ca,CBSC1
10308794,Bryant C Bl Mountaineer C Nr Markleeville Ca,BBMC1
11476600,Bull C Nr Weott Ca,WEOC1
14198400,"Bull Creek Near Wilhoit, Or",
14138560,"Bull Run Lake Near Brightwood, Or",BRLO3
14139000,"Bull Run Reservoir No 1 Near Bull Run, Or",BRVO3
14139900,"Bull Run Reservoir No 2, Near Bull Run, Or",BURO3
14138720,"Bull Run River At Lower Flume Nr Brightwood, Or",BFLO3
14140000,"Bull Run River Near Bull Run (river Only), Or",RUNO3
14138850,"Bull Run River Near Multnomah Falls, Or",BMFO3
11361000,Burney C A Burney Falls Nr Burney Ca,
3.40E+14,Burnt Canyon C Abv Div Dam Nr Banning Ca,
11390000,Butte C Nr Chico Ca,BKCC1
14201500,"Butte Creek At Monitor, Or",BUMO3
9419745,"C-1 Channel Abv Mouth Nr Henderson, Nv",
9419740,"C-1 Channel Nr Warm Spgs Rd At Henderson, Nv",CWSN2
11451800,Cache C A Rumsey Ca,RMSC1
11452500,Cache C A Yolo Ca,YLOC1
11451000,Cache C Nr Lower Lake Ca,CLFC1
11452900,Cache C Outflow From Settling Basin Nr Woodland Ca,OTFC1
11452800,Cache C Overflow Weir From Settling Bas Nr Wood'ld,OWSC1
3.84E+14,Cache C Settling Basin Site C Nr Woodland Ca,
11455350,Cache Slough A Ryer Island,CCSC1
11455315,Cache Slough A S Liberty Island Nr Rio Vista Ca,
11455385,Cache Slough Ab Ryer Island Ferry Nr Rio Vista Ca,
11455280,Cache Slough Nr Hastings Tract Nr Rio Vista Ca,
11475610,Cahto C Nr Laytonville Ca,LYVC1
11063510,Cajon C Bl Lone Pine C Nr Keenbrook Ca,CJKC1
11173500,Calaveras C Nr Sunol Ca,CAVC1
11173490,Calaveras Reservoir Nr Sunol Ca,CVQC1
14164550,"Camp Crk At Camp Crk Rd Bridge, Nr Springfield, Or",
11012500,Campo C Nr Campo Ca,CPOC1
10301755,"Canal No 1 Blw Little Dam Nr Schurz, Nv",
10301742,"Canal No 2 Abv Little Dam Nr Schurz, Nv",
11253310,Cantua C Nr Cantua Creek Ca,COLC1
11075720,Carbon C Bl Carbon Cyn Dam Ca,CBCC1
11143200,Carmel R A Robles Del Rio Ca,RDRC1
11143250,Carmel R Nr Carmel Ca,CMEC1
11119500,Carpinteria C Nr Carpinteria Ca,CPCC1
10311750,"Carson R Abv Sixmile Cyn Ck Blw Dayton, Nv",CSCN2
10311700,"Carson Rv At Dayton, Nv",CDYN2
10311400,"Carson Rv At Deer Run Rd Nr Carson City, Nv",DRRN2
10312275,"Carson Rv At Tarzyn Rd Nr Fallon, Nv",TRZN2
10312150,"Carson Rv Blw Lahontan Reservoir Nr Fallon, Nv",CBLN2
10311000,"Carson Rv Nr Carson City, Nv",STWN2
10312000,"Carson Rv Nr Fort Churchill, Nv",FTCN2
9423350,Caruthers C Nr Ivanpah Ca,IVNC1
11181008,Castro Valley C A Hayward Ca,CVCC1
14164700,"Cedar Creek At Springfield, Or",
11278400,Cherry C Bl Dion R Holm Ph Nr Mather Ca,CKMC1
11277300,Cherry C Bl Valley Dam Nr Hetch Hetchy Ca,CVDC1
11278300,Cherry C Nr Early Intake Ca,CEIC1
11277200,Cherry Lk Nr Hetch Hetchy Ca,CHVC1
14400000,"Chetco River Near Brookings, Or",CHTO3
11073360,Chino C A Schaefer Avenue Nr Chino Ca,CHKC1
10257720,Chino Cyn C Bl Tramway Nr Palm Springs Ca,CCCC1
11055800,City C Nr Highland Ca,CITC1
14209500,"Clackamas River Above Three Lynx Creek, Or",
14210000,"Clackamas River At Estacada, Or",ESTO3
14211010,"Clackamas River Near Oregon City, Or",COCO3
11372000,Clear C Nr Igo Ca,RDGC1
10310500,"Clear Ck Nr Carson City, Nv",CLRN2
11450000,Clear Lk A Lakeport Ca,CLKC1
14314700,"Clearwater R Blw Mowich Creek, Nr Toketee Falls,or",
14314500,"Clearwater River Abv Trap Ck Nr Toketee Falls, Or",
10243700,"Cleve Ck Nr Ely, Nv",CVCN2
9527590,Coachella Canal Above All-american Canal Diversion,
9527597,"Coachella Canal Near Desert Beach, Ca",
9527594,"Coachella Canal Near Niland, Ca",
14152500,"Coast Fork Willamette At London, Or",
14153500,"Coast Fork Willamette R Blw Cottage Grove Dam, Or",COTO3
14157500,"Coast Fork Willamette River Near Goshen, Or",GOSO3
10245960,"Coils Ck Abv Horse Ck Nr Eureka, Nv",COCN2
11071760,Coldwater Canyon C Nr Corona Ca,
11465690,Colgan C Nr Santa Rosa Ca,EASC1
11465700,Colgan C Nr Sebastopol Ca,CGNC1
9521100,"Colorado R Blw Yuma Main Canal Ww At Yuma, Az",YMCC1
9423500,"Colorado River At Needles, Ca",CRNC1
9423000,"Colorado River Below Davis Dam, Az-nv",CBDN2
9429500,"Colorado River Below Imperial Dam, Az-ca",CIDC1
9429600,"Colorado River Below Laguna Dam, Az-ca",LGDC1
9429100,"Colorado River Below Palo Verde Dam, Az-ca",CPVC1
9427520,"Colorado River Below Parker Dam, Az-ca",CPDC1
9421500,"Colorado Rv Blw Hoover Dam, Az-nv",BHDA3
14246900,"Columbia River @ Beaver Army Terminal Nr Quincy,or",CBAO3
14113290,"Columbia River At Hood River, Or",
14128600,"Columbia River At Stevenson, Wa",
14105700,"Columbia River At The Dalles, Or",
14144700,"Columbia River At Vancouver, Wa",
14128870,"Columbia River Below Bonneville Dam, Or",
14211820,"Columbia Slough At Portland, Or",
11465660,Copeland C A Rohnert Park Ca,ROHC1
14327055,"Coquille River At Coquille, Or",COQO3
9419625,"Corn Ck Spgs At National Fish & Wildlife Hdqrs, Nv",CCSN2
11159200,Corralitos C A Freedom Ca,CCFC1
11460000,Corte Madera C A Ross Ca,CMDC1
11335000,Cosumnes R A Michigan Bar Ca,MHBC1
14153000,"Cottage Grove Lake Nr Cottage Grove,oreg.",
11376000,Cottonwood C Nr Cottonwood Ca,CTWC1
14159410,"Cougar Dam Tailwater Near Rainbow, Or",
14159400,"Cougar Lake Near Rainbow, Or",
11374000,Cow C Nr Millville Ca,CWCC1
14308990,"Cow Creek Abv Galesville Res, Nr Azalea, Or.",COGO3
14309000,"Cow Creek Near Azalea, Or",
14310000,"Cow Creek Near Riddle, Or",RDLO3
11172175,Coyote C Ab Hwy 237 A Milpitas Ca,CMIC1
11169860,Coyote C Bl Coyote Res Nr San Martin Ca,RCCC1
11169800,Coyote C Nr Gilroy Ca,NRGC1
11492200,"Crater Lake Near Crater Lake, Or",CTRO3
11046360,Cristianitos C Ab San Mateo C Nr San Clemente Ca,CRIC1
14087400,"Crooked River Below Opal Springs, Near Culver, Or",
14087380,"Crooked River Blw Osborne Canyon, Nr Opal City, Or",
11180900,Crow C Nr Hayward Ca,KCRC1
9415589,"Crystal Spgs Div Nr Hiko, Nv",CSDN2
11073495,Cucamonga C Nr Mira Loma Ca,CCMC1
11180960,Cull C Ab Cull C Res Nr Castro Valley Ca,CULC1
11136800,Cuyama R Bl Buckhorn Cyn Nr Santa Maria Ca,CYBC1
10348550,"Davis Ck At Davis Ck Cmpgrd Rd Nr Washoe City, Nv",DVWN2
11044800,De Luz C Nr De Luz Ca,DLZC1
10265100,Deadman C A Big Springs Nr Crestview Ca,DDMC1
10260500,Deep C Nr Hesperia Ca,DKHC1
10259200,Deep C Nr Palm Desert Ca,DEPC1
11200800,Deer C Nr Fountain Springs Ca,DKCC1
11418500,Deer C Nr Smartsville Ca,DCSC1
11383500,Deer C Nr Vina Ca,DCVC1
11274630,Del Puerto C Nr Patterson Ca,PTTC1
11336600,Delta Cross Channel Nr Walnut Grove,
14103000,"Deschutes River At Moody, Near Biggs, Or",MODO3
14076500,"Deschutes River Near Culver, Or",
14092500,"Deschutes River Near Madras, Or",
10299100,"Desert Ck Nr Wellington, Nv",DCWN2
14180510,"Detroit Dam Tailwater Near Detroit, Or",
14180500,"Detroit Lake Near Detroit, Or",
11063680,Devil Cyn C Nr San Bernardino Ca,DCCC1
14149510,"Dexter Dam Tailwater At Dexter, Or",
14149500,"Dexter Lake At Dexter, Or",
14312450,"Diamond Lake Near Diamond Lake, Or",
14070621,"Diversion Canal To Bridge Creek, Near Bend, Or",
10347310,"Dog Ck At Verdi, Nv",DOGN2
11287500,Don Pedro Res Nr La Grange Ca,
11292600,Donnell Lk Nr Dardanelle Ca,
10338500,Donner C A Donner Lk Nr Truckee Ca,DCKC1
10338700,Donner C At Hwy 89 Nr Truckee Ca,DCHC1
10338400,Donner Lk Nr Truckee Ca,
10396000,Donner Und Blitzen River Nr Frenchglen Or,DONO3
14155000,"Dorena Lake Near Cottage Grove, Or",
9530500,"Drain 8-b Near Winterhaven, Ca",
14200100,"Drift Creek Near Silverton, Or",
11180500,Dry C A Union City Ca,DYUC1
11465240,Dry C Blw Lambert Br Nr Geyserville Ca,DGYC1
11465200,Dry C Nr Geyserville Ca,DGYC1
11465350,Dry C Nr Mouth Nr Healdsburg Ca,DRIC1
11424500,Dry C Nr Wheatland Ca,DCWC1
9419696,"Duck Ck At Broadbent Blvd At E Las Vegas, Nv",DCKN2
11313433,Dutch Slough Bl Jersey Island Rd A Jersey Island,DUJC1
10308200,E Fk Carson Rv Blw Markleeville Ck Nr Markleeville,CEMC1
10309010,"E Fk Carson Rv Nr Dresslerville, Nv",EFDN2
10309000,"E Fk Carson Rv Nr Gardnerville, Nv",GRDN2
11058500,E Twin C Nr Arrowhead Springs Ca,ETCC1
10293500,"E Walker Rv Abv Strosnider Ditch Nr Mason, Nv",EWSN2
10293000,"E Walker Rv Nr Bridgeport, Ca",EWBC1
10311300,"Eagle Valley Ck At Carson City, Nv",EVYN2
14353500,"East Fork Ashland Creek Near Ashland, Or",
14205400,"East Fork Dairy Creek Near Meacham Corner, Or",
14306340,"East Fork Lobster Creek Near Alsea, Or.",LOBO3
13325000,"East Fork Wallowa River Near Joseph, Or",
11479560,Eel R A Fernbridge Ca,FRNC1
11475000,Eel R A Fort Seward Ca,FTSC1
11477000,Eel R A Scotia Ca,SCOC1
11461500,Ef Russian R Nr Calpella Ca,CXLC1
10255890,Ef Whitewater R Div Nr Banning Ca,
11020600,El Capitan Res Nr Lakeside Ca,CPNC1
11475560,Elder C Nr Branscomb Ca,ECBC1
11379500,Elder C Nr Paskenta Ca,EDCC1
11278000,Eleanor C Nr Hetch Hetchy Ca,EHHC1
14338000,"Elk Creek Near Trail, Or",ELKO3
14308500,"Elk Creek Nr Drew, Or",
11148500,Estrella R Nr Estrella Ca,ESRC1
14211814,"Fairview Creek At Glisan St Near Gresham, Or",FAIO3
14150290,"Fall Creek Above North Fork, Near Lowell, Or",
14151000,"Fall Creek Blw Winberry Creek, Near Fall Creek, Or",
14150900,"Fall Creek Lake Near Lowell, Or",
11045300,Fallbrook C Nr Fallbrook Ca,FABC1
10257500,Falls C Nr White Water Ca,
11313440,False R Nr Oakley Ca,FLQC1
14206900,"Fanno Creek At 56th Ave, At Portland, Or",FNNO3
14206950,"Fanno Creek At Durham, Or",DURO3
14168000,"Fern Ridge Lake Near Elmira, Or",
14138870,"Fir Creek Near Brightwood, Or",
3.81E+14,First Mallard Branch Nr Fairfield Ca,
14315950,"Fish Creek Abv Slipper Creek Nr Toketee Falls, Or",
94196781,"Flamingo Wash At Nellis Blvd Nr Las Vegas, Nv",FWNN2
11062450,Fontana Ph Forebay Spillway Nr Fontana Ca,
11062800,Fontana Water Co Spill Ch From Afterbay Nr Fontana,
11062400,Fontana Water Co Surface Div Nr Fontana Ca,
11062399,Fontana Water Co Surface Div Weir 2 Nr Fontana Ca,
14186610,"Foster Dam Tailwater At Foster, Or",
14186600,"Foster Lake At Foster, Or",
10348460,"Franktown Ck Nr Carson City, Nv",FRKN2
11089500,Fullerton C Bl Fullerton Dam Nr Brea Ca,FUDC1
10348850,"Galena Ck At Galena Ck State Park, Nv",GCPN2
14308995,"Galesville Reservoir Near Azalea, Or",
11467590,Garcia R At Eureka Hill Rd Nr Pt Arena Ca,GRCC1
10336645,General C Nr Meeks Bay Ca,GNRC1
11447903,Georgiana Slough Nr Sacramento R,GSMC1
10245100,"Geyser Ck At Spgs Orifice Nr Minerva, Nv",
11121900,Gibraltar Dam Div Weir A Gibraltar Dam Ca,GDXC1
11122010,Gibraltar Dam Release Weir A Gibraltar Dam Ca,
10336730,"Glenbrook Ck At Glenbrook, Nv",GBKN2
13333000,"Grande Ronde River At Troy, Or",TRYO3
11313240,Grant Line Cn Nr Tracy Ca,GCTC1
11525630,Grass Valley C Nr Lewiston Ca,GVCC1
10260855,Grass Valley Lk Tunnel Outlet A Lake Arrowhead Ca,GVVC1
14371500,"Grave Creek At Pease Bridge,near Placer,oreg.",
14186110,"Green Peter Dam Tailwater Near Foster, Or",
14186100,"Green Peter Lake Near Foster, Or",
11169025,Guadalupe R Abv Hwy 101 A San Jose Ca,GSJC1
11027000,Guejito C Nr San Pasqual Ca,GTOC1
14128895,"Hamilton Creek Near Mouth, At N Bonneville, Wa",
10313900,"Hanks Ck At Marys Rv Ranch Rd Nr Deeth, Nv",HNKN2
10351900,"Hardscrabble Ck Abv Th Ranch At Sutcliffe, Nv",HCAN2
10351950,"Hardscrabble Ck Blw Th Ranch At Sutcliffe, Nv",HCBN2
11136040,Harris Canyon C Nr Orcutt Ca,
11355500,Hat C Nr Hat Creek Ca,HCUC1
10322535,"Henderson Ck Blw Vinnini Ck Nr Eureka, Nv",HCKN2
11275500,Hetch Hetchy Res A Hetch Hetchy Ca,HETC1
4.20E+14,Highway Runoff Site Nr I5 And Old Hwy 99,
14144900,"Hills Cr Ab Hills Cr Res, Nr Oakridge, Or",
14145110,"Hills Creek Dam Tailwater Near Oakridge, Or",
14145100,"Hills Creek Lake Near Oakridge, Or",
11125605,Hilton Cyn C 0.25 Mi Bl Bradbury Dam Nr Santa Ynez,
11125600,Hilton Cyn C Nr Santa Ynez Ca,HCCC1
11313431,Holland Cut Nr Bethel Island Ca,HDCC1
14120000,"Hood River At Tucker Bridge, Near Hood River, Or",HODO3
10322505,"Horse Ck At Horse Cyn Nr Garden Gate Pass, Nv",HRSN2
10265150,Hot C A Flume Nr Mammoth Lakes Ca,HFCC1
9415558,"Hot Ck Nr Sunnyside, Nv",HSCN2
11137900,Huasna R Nr Arroyo Grande Ca,HSAC1
10325000,"Humboldt Rv At Battle Mountain, Nv",HBMN2
10327500,"Humboldt Rv At Comus, Nv",CMSN2
10323425,"Humboldt Rv At Old Us 40 Brg At Dunphy, Nv",HRDN2
10322500,"Humboldt Rv At Palisade, Nv",PALN2
10321000,"Humboldt Rv Nr Carlin, Nv",HRCN2
10318500,"Humboldt Rv Nr Elko, Nv",HREN2
10333000,"Humboldt Rv Nr Imlay, Nv",HRIN2
10335000,"Humboldt Rv Nr Rye Patch, Nv",HRPN2
10347600,"Hunter Ck Nr Reno, Nv",HNTN2
14377100,"Illinois River Near Kerby, Or",KRBO3
10336700,"Incline Ck Nr Crystal Bay, Nv",INCN2
10343000,Independence C Nr Truckee Ca,ICPC1
10342900,Independence Lk Nr Truckee Ca,ILAC1
11525670,Indian C Nr Douglas City Ca,ICDC1
11521500,Indian C Nr Happy Camp Ca,HAPC1
11173800,Indian C Nr Sunol Ca,ICSC1
10309035,"Indian Ck Abv Mouth Nr Gardnerville,nv",GRDN2
11451290,Indian Valley Res A Clearlake Oaks Ca,
11014000,Jamul C Nr Jamul Ca,JMLC1
13162225,"Jarbidge Rv Blw Jarbidge, Nv",JBGN2
14036860,"John Day R At Blue Mtn Hot Spgs Nr Prairie City,or",
14048000,"John Day River At Mcdonald Ferry, Or",
14046500,"John Day River At Service Creek, Or",SERO3
14038530,"John Day River Near John Day, Or",JHNO3
14211550,"Johnson Creek At Milwaukie, Or",MIWO3
14211400,"Johnson Creek At Regner Road, At Gresham, Or",GREO3
14211500,"Johnson Creek At Sycamore, Or",SYCO3
14211499,"Kelley Creek At Se 159th Drive At Portland, Or",
11449500,Kelsey C Nr Kelseyville Ca,KCVC1
10311100,"Kings Cyn Ck Nr Carson City, Nv",KCLN2
10249280,"Kingston Ck Blw Cougar Cyn Nr Austin, Nv",KCCN2
11523000,Klamath R A Orleans,ONSC1
11516530,Klamath R Bl Iron Gate Dam Ca,IRGC1
11530500,Klamath R Nr Klamath Ca,KLMC1
11520500,Klamath R Nr Seiad Valley Ca,SEIC1
11509500,"Klamath River At Keno, Or",
11510700,"Klamath River Blw John C.boyle Pwrplnt, Nr Keno,or",BOYO3
11509340,"Klamath Straits Drain Near Worden, Or",
10329000,"L Humboldt Rv Nr Paradise Valley, Nv",LHPN2
11336585,Laguna C Nr Elk Grove Ca,
11465680,Laguna De Santa Rosa A Stony Pt Rd Nr Cotati Ca,CTIC1
11465750,Laguna De Santa Rosa C Nr Sebastopol Ca,LSEC1
11460400,Lagunitas C A Samuel P Taylor State Park Ca,LTSC1
11460600,Lagunitas C Nr Pt Reyes Station Ca,LNTC1
10312100,"Lahontan Res Nr Fallon, Nv",LHDN2
14087520,"Lake Billy Chinook Near Culver, Or",
14092050,"Lake Billy Chinook Near Grandview, Or",
14312500,"Lake Creek Near Diamond Lake, Or",
9427500,"Lake Havasu Near Parker Dam, Az-ca",LKHC1
10337000,Lake Tahoe A Tahoe City Ca,THLC1
10316500,"Lamoille Ck Nr Lamoille, Nv",LCLN2
11046100,Las Flores C Nr Oceanside Ca,LCOC1
9419700,"Las Vegas Wash At Pabco Rd Nr Henderson, Nv",LVPN2
94196784,"Las Vegas Wash At Vegas Valley Dr Nr Las Vegas, Nv",VVDN2
9419756,Las Vegas Wash Overflow At Lake Las Vegas Inlet,LVON2
9419679,"Las Vegas Wasteway Nr E Las Vegas, Nv",LWYN2
14187600,"Lebanon Santiam Canal Near Lebanon, Or",
10243260,"Lehman Ck Nr Baker, Nv",LEHN2
14313000,"Lemolo Lake Near Toketee Falls, Or",
10308789,Leviathan C Ab Aspen C Nr Markleeville Ca,LVIC1
10308783,Leviathan C Ab Mine Nr Markleeville Ca,LVCC1
10308792,Leviathan C Ab Mountaineer C Nr Markleeville Ca,
10308784,Leviathan Mine Adit Drain Nr Markleeville Ca,
10308785,Leviathan Mine Pit Flow Nr Markleeville Ca,
103087855,Leviathan Mine Pit Junction Box Nr Markleeville Ca,
103087853,Leviathan Mine Pond 1 Nr Markleeville Ca,
11455146,Liberty Cut A Little Holland Tract Nr Courtland Ca,
3.82E+14,Liberty Island A Liberty Cut Nr Courtland Ca,
3.82E+14,Liberty Island A Upper Stair Step Nr Five Points C,
3.82E+14,Liberty Island Marsh Up Wildlands Nr Courtland Ca,
3.82E+14,Liberty Island Wildlands Tidal Marsh Nr Five Point,
11507500,"Link River At Klamath Falls, Or",KLLO3
14365400,"Little Applegate River Near Buncom, Or",
11455143,Little Holland Tract A North Breach Nr Courtland C,
14182500,"Little North Santiam River Near Mehama, Or",
11336790,Little Potato Slough A Terminous Ca,LPGC1
11481200,Little R Nr Trinidad Ca,TRDC1
14318000,"Little River At Peel, Or",
14141500,"Little Sandy River Near Bull Run, Or",LSNO3
10344400,Little Truckee R Ab Boca Res Nr Truckee Ca,LITC1
10344500,Little Truckee R Bl Boca Dam Nr Truckee Ca,LTBC1
14320934,"Little Wolf Creek Near Tyee, Or",
11277500,Lk Eleanor Nr Hetch Hetchy Ca,LNRC1
11109700,Lk Piru Nr Piru Ca,LKPC1
11153650,Llagas C Nr Gilroy,LLGC1
14170000,"Long Tom River At Monroe, Or",MNRO3
14169000,"Long Tom River Near Alvadore, Or",
14166500,"Long Tom River Near Noti, Or",
14311500,"Lookingglass Creek At Brockway, Or",
14161500,"Lookout Creek Near Blue River, Or",
14149010,"Lookout Point Dam Tailwater Near Lowell, Or",
14149000,"Lookout Point Lake Near Lowell, Or",
11141280,Lopez C Nr Arroyo Grande Ca,LZCC1
11092450,Los Angeles R A Sepulveda Dam Ca,PVCC1
11022200,Los Coches C Nr Lakeside Ca,LCCC1
11224500,Los Gatos C Ab Nunez Cyn Nr Coalinga Ca,LGCC1
11023340,Los Penasquitos C Nr Poway Ca,PNQC1
14335040,"Lost Creek Lake Near Mcleod, Or",LOSO3
11162750,Lower Crystal Springs Res Nr San Mateo Ca,CSRC1
4.45E+14,"Luckiamute River Near Parker, Or",
14190500,"Luckiamute River Near Suver, Or",SUVO3
9419747,"Lv Wash Abv Bostick Weir Nr Henderson, Nv",
9419749,"Lv Wash Abv Homestead Weir Nr Henderson, Nv",LHWN2
9419753,"Lv Wash Abv Three Kids Wash Blw Henderson, Nv",KIDN2
9419698,"Lv Wash Blw Duck Ck Conf Nr Henderson, Nv",LVDN2
94196783,"Lv Wash Blw Flamingo Wash Confl Nr Las Vegas, Nv",LWCN2
9419800,"Lv Wash Blw Lake Las Vegas Nr Boulder City, Nv",
11065000,Lytle C A Colton Ca,YTLC1
11062700,Lytle C Div To Fontana Ph Avm Nr Fontana Ca,
11062000,Lytle C Nr Fontana Ca,LCFC1
14070615,"M F Tumalo Creek Abv Prowell Springs, Nr Bend, Or",
14070624,"M F Tumalo Creek Blw Prowell Springs, Nr Bend, Or",
11463900,Maacama C Nr Kellogg Ca,RMKC1
11480390,Mad R Ab Ruth Res Nr Forest Glen Ca,MAUC1
11481000,Mad R Nr Arcata Ca,ARCC1
10321940,"Maggie Ck Abv Maggie Ck Cyn Nr Carlin, Nv",MMCN2
10322000,"Maggie Ck At Carlin, Nv",MGCN2
10321950,"Maggie Ck At Maggie Cr Cyn Nr Carlin, Nv",MCYN2
13233300,Malheur River Below Nevada Dam Near Vale Or,VALO3
11206820,Marble Fork Kaweah R Ab Horse C Nr Lodgepole Ca,MBPC1
11119940,Maria Ygnacio C A University Drive Nr Goleta Ca,LMYC1
11466800,Mark West C Nr Mirabel Heights Ca,MWEC1
10336715,"Marlette Ck Nr Carson City, Nv",MCCN2
10336710,"Marlette Lake Nr Carson City, Nv",MLTN2
10329500,"Martin Ck Nr Paradise Valley, Nv",MARN2
10322150,"Marys Ck At Carlin, Nv",MACN2
14171000,"Marys River Near Philomath, Or",PHIO3
10315500,"Marys Rv Abv Hot Spgs Ck Nr Deeth, Nv",MHSN2
11466170,Matanzas C A Santa Rosa Ca,MZSC1
11114495,Matilija C Nr Res Nr Matilija Hot Springs Ca,MTGC1
11468900,Mattole R Nr Ettersburg Ca,ETTC1
11469000,Mattole R Nr Petrolia Ca,MTOC1
10352500,"Mcdermitt Ck Nr Mcdermitt, Nv",MDCN2
14158850,"Mckenzie R Blw Trail Br Dam Nr Belknap Springs, Or",TRBO3
14159110,"Mckenzie River Above South Fork, Near Rainbow, Or",CMRO3
14164900,"Mckenzie River Abv Hayden Br, At Springfield,or",MRHO3
14158500,"Mckenzie River At Outlet Of Clear Lake, Or",MOCO3
14158740,"Mckenzie River Bl Payne Cr, Nr Belknap Springs, Or",
14163150,"Mckenzie River Blw Leaburg Dam, Nr Leaburg, Or",
14165500,"Mckenzie River Near Coburg, Or",MRGO3
14162500,"Mckenzie River Near Vida, Or",VIDO3
14163900,"Mckenzie River Near Walterville, Or",MCZO3
14020300,"Meacham Creek At Gibbon, Or",
9417500,"Meadow Valley Wash At Eagle Cyn Nr Ursine, Nv",MVEN2
9418500,"Meadow Valley Wash Nr Caliente, Nv",MVYN2
11264500,Merced R A Happy Isles Bridge Nr Yosemite Ca,HPIC1
11266500,Merced R A Pohono Bridge Nr Yosemite Ca,POHC1
9415060,"Mesquite Canal Nr Mesquite, Nv",
14091500,"Metolius River Near Grandview, Or",
11473900,Mf Eel R Nr Dos Rios Ca,DOSC1
14043840,"Mf John Day River Abv Camp Creek, Nr Galena, Or",
11224000,Mf San Joaquin R Nr Mammoth Lakes Ca,SJWC1
14145500,"Mf Willamette River Abv Salt Crk, Near Oakridge,or",
14148000,"Mf Willamette River Blw N Fork, Nr Oakridge, Or.",
14044000,"Middle Fork John Day River At Ritter, Or",
14152000,"Middle Fork Willamette River At Jasper, Or",JASO3
14150000,"Middle Fork Willamette River Near Dexter, Or",DEXO3
14144800,"Middle Fork Willamette River Nr Oakridge, Or",
11312676,Middle R At Middle River Ca,
11312685,Middle R Nr Holt Ca,MHTC1
14186200,"Middle Santiam R Blw Green Peter Dam Nr Foster, Or",
14185800,"Middle Santiam R Near Cascadia, Or",
11381500,Mill C Nr Los Molinos Ca,MLMC1
13331500,"Minam River At Minam, Or",
11455165,Miner Slough A Hwy 84 Bridge,
11119745,Mission C A Rocky Nook Park A Santa Barbara Ca,MNOC1
10257600,Mission C Nr Desert Hot Springs Ca,MSYC1
11119750,Mission C Nr Mission St Nr Santa Barbara Ca,MSCC1
11289000,Modesto Cn Nr La Grange Ca,MECC1
14165000,"Mohawk River Near Springfield, Or",SPRO3
10263000,Mojave R A Afton Ca,MJRC1
10262500,Mojave R A Barstow Ca,MBRC1
10261500,Mojave R A Lo Narrows Nr Victorville Ca,MVVC1
11336930,Mokelumne R A Andrus Island Nr Terminous Ca,
14200000,"Molalla River Near Canby, Or",CANO3
11336580,Morrison C Nr Sacramento Ca,
14113200,"Mosier Creek Near Mosier, Or",
11262900,Mud Slough Nr Gustine Ca,MUEC1
9419000,"Muddy Rv Nr Glendale, Nv",MUDN2
9416000,"Muddy Rv Nr Moapa, Nv",MOAN2
9415900,"Muddy Spgs At Lds Farm Nr Moapa, Nv",MSPN2
10258700,Murray Cyn C Nr Palm Springs Ca,MYNC1
11043000,Murrieta C A Temecula Ca,MUTC1
11042700,Murrieta C Nr Murrieta Ca,MUCC1
14327000,"N Fk Coquille R Nr Myrtle Point, Or",MYNO3
10317500,"N Fk Humboldt Rv At Devils Gate Nr Halleck, Nv",DEVN2
14147500,"N Fk Of M Fk Willamette R Nr Oakridge, Or",
11336685,N Mokelumne Nr Walnut Grove Ca,NMRC1
10348245,"N Truckee Drain At Spanish Springs Rd Nr Spark, Nv",NTDN2
10348295,"N Truckee Drain Nr Big Fish Dr Nr Sparks, Nv",BFDN2
14316500,"N Umpqua River Abv Copeland Ck Nr Toketee Falls,or",
14313500,"N Umpqua River Blw Lemolo Lk, Nr Toketee Falls, Or",
11413000,N Yuba R Bl Goodyears Bar Ca,GYRC1
14313200,"N.umpqua R Abv White Mule Ck, Nr Toketee Falls, Or",
14315700,"N.umpqua R Blw Slide Ck Dam Nr Toketee Falls, Or",
14316455,"N.umpqua R Blw Soda Spgs Resv, Nr Toketee Falls,or",
14313700,"N.umpqua R Blw Warm Springs Ck Nr Toketee Falls,or",
11149400,Nacimiento R Bl Nacimiento Dam Nr Bradley Ca,SC1
11148900,Nacimiento R Bl Sapaque C Nr Bryson Ca,NBYC1
11458000,Napa R Nr Napa Ca,APCC1
11456000,Napa R Nr St Helena Ca,SHEC1
14199704,"Nate Creek Tributary Near Colton, Or",
11458600,Nathanson C A Sonoma Ca,NSEC1
11468000,Navarro R Nr Navarro Ca,NVRC1
14301000,"Nehalem River Near Foss, Or",FSSO3
14299800,"Nehalem River Near Vernonia, Or",VENO3
11362890,Nelson C Release Weir Bl Pp Div Nr Big Bend Ca,
14303600,"Nestucca River Near Beaver, Or",BEAO3
10254970,New R At International Boundary At Calexico Ca,IBCC1
10255550,New R Nr Westmorland Ca,ZNRC1
11427000,Nf American R A North Fork Dam Ca,NFDC1
11451100,Nf Cache C A Hough Spring Nr Clearlake Oaks Ca,HOUC1
11451300,Nf Cache C Nr Clearlake Oaks Ca,CKKC1
11467553,Nf Gualala R Ab Sf Gualala R Nr Gualala Ca,GLAC1
10337810,Nf Squaw C A Olympic Valley Ca,OVCC1
11526500,Nf Trinity R A Helena Ca,THAC1
14178000,"No Santiam R Blw Boulder Crk, Nr Detroit, Or",
11509105,"North Canal At Highway 97, Near Midland, Or",
14138900,"North Fork Bull Run River Near Multnomah Falls, Or",NBRO3
14046000,"North Fork John Day River At Monument, Or",MONO3
14184100,"North Santiam R At Greens Bridge, Nr Jefferson, Or",NSGO3
14183000,"North Santiam River At Mehama, Or",MEHO3
14181500,"North Santiam River At Niagara, Or",
14315500,"North Umpqua River At Toketee Falls, Or",
14319500,"North Umpqua River At Winchester, Or",WNRO3
11459500,Novato C A Novato Ca,NVCC1
11468500,Noyo R Nr Fort Bragg Ca,FTBC1
14209000,"Oak Grove Fork Above Powerplant Intake, Or.",OKPO3
14209250,"Oak Grove Fork At Ripplebrook Campground, Or",
14208700,"Oak Grove Fork Near Government Camp, Or",OGCO3
11313405,Old R A Bacon Island Ca,OBIC1
11313452,Old R A Franks Tract Nr Terminous Ca,OSJC1
11313434,Old R A Quimby Island Nr Bethel Island Ca,ORQC1
11312968,Old R Nr Delta Mendota Canal Ca,ODMC1
11313315,Old River Near Byron Ca,OHFC1
11460605,Olema C A Vedanta Bridge A Olema Ca,
11045600,Oneill Lake Outlet Ch Nr Fallbrook Ca,
11045700,Oneill Lk Spill Ch Nr Fallbrook Ca,OSPC1
10348520,"Ophir Ck Nr Steamboat, Nv",OPCN2
11141050,Orcutt C Nr Orcutt Ca,OCKC1
11274500,Orestimba C Nr Newman Ca,OREC1
11274538,Orestimba Cr At River Rd Nr Crows Landing Ca,
11472180,Outlet C Nr Willits Ca,
13183000,"Owyhee River Below Owyhee Dam, Or",OWYO3
13181000,Owyhee River Nr Rome Or,ROMO3
13174500,"Owyhee Rv Nr Gold Ck, Nv",OGCN2
13175100,"Owyhee Rv Nr Mountain City, Nv",OMCN2
11153000,Pacheco C Nr Dunneville Ca,PHOC1
11159000,Pajaro R A Chittenden Ca,AROC1
11159500,Pajaro R A Watsonville Ca,PAJC1
10258500,Palm Cyn C Nr Palm Springs Ca,PCNC1
10259050,Palm Cyn Wash Nr Cathedral City Ca,GCDC1
9429000,"Palo Verde Canal Near Blythe, Ca",
11255575,Panoche C A I-5 Nr Silver Creek Ca,PNEC1
11042631,Pechanga C Nr Temecula Ca,PHGC1
9415908,"Pederson E Spgs Nr Moapa, Nv",PESN2
9415910,"Pederson Spgs Nr Moapa, Nv",PSGN2
10341100,Perazzo C Nr Soda Springs Ca,PZCC1
11070270,Perris Valley Storm Dr A Nuevo Rd Nr Perris Ca,PRIC1
11162500,Pescadero C Nr Pescadero Ca,PECC1
10322555,"Pete Hanson Ck Abv Henderson Ck Nr Eureka, Nv",PHCN2
11162630,Pilarcitos C A Half Moon Bay Ca,HMNC1
11162620,Pilarcitos C Bl Stone Dam Nr Hillsborough Ca,HMOC1
11162618,Pilarcitos Lk Nr Hillsborough Ca,PILC1
10322800,"Pine Ck At Modarelli Mine Rd Nr Hay Ranch, Nv",PCKN2
14046890,"Pine Creek Near Clarno, Or",
11109550,Piru C Ab Frenchmans Flat Ca,PFFC1
11109600,Piru Creek Above Lake Piru Ca,PCPC1
11109800,Piru Creek Below Santa Felicia Dam Ca,PSFC1
11355010,Pit R Bl Pit No 1 Ph Nr Fall River Mills Ca,PTRC1
11348500,Pit R Nr Canby Ca,CNBC1
11055500,Plunge C Nr East Highlands Ca,PGKC1
9523800,"Pontiac Canal Near Yuma, Az",
9415510,"Preston Big Sprg Nr Preston, Nv",PREN2
11455167,Prospect Slough A Toe Drain Nr Courtland Ca,
10340500,Prosser C Bl Prosser C Dam Nr Truckee Ca,PROC1
10340300,Prosser C Res Nr Truckee Ca,PSRC1
14070620,"Prowell Springs Diversion Pool, Near Bend, Or",
14202000,"Pudding River At Aurora, Or",AURO3
14201340,"Pudding River Near Woodburn, Or",PUWO3
11453500,Putah C Nr Guenoc Ca,PCGC1
11454000,Putah C Nr Winters Ca,PUCC1
9429200,"Pvid C Canal Spill Near Blythe, Ca",
9429180,"Pvid D23 Spill Near Blythe, Ca",
9429155,"Pvid F-canal Spill Near Blythe, Ca",
14185900,"Quartzville Creek Near Cascadia, Or",
103530001,Quinn Rv Blw Confl E Fk S Fk Quinn Nr Mc Dermitt,QNRN2
11044250,Rainbow C Nr Fallbrook Ca,RNKC1
11152650,Reclamation Ditch Nr Salinas Ca,RDSC1
11460151,Redwood C A Hwy 1 Bridge A Muir Beach Ca,RMBC1
11482500,Redwood C A Orick Ca,ORIC1
11481500,Redwood C Nr Blue Lake Ca,BLKC1
9523200,"Reservation Main Canal Near Yuma, Az",
9530000,"Reservation Main Drain No. 4 Near Yuma, Az",
11101250,Rio Hondo Ab Whittier Narrows Dam Ca,RHFC1
11102300,Rio Hondo Bl Whittier Narrows Dam Ca,RHCC1
11066320,Rix Outflow A Santa Ana R Nr Grand Terrace Ca,
10245970,"Roberts Ck Nr Eureka, Nv",RCKN2
10324500,"Rock Ck Nr Battle Mountain, Nv",ROCN2
14335072,"Rogue R At Cole M Rivers F Hatchery Nr Mcleod, Or",
14328000,"Rogue River Above Prospect, Oreg.",
14339000,"Rogue River At Dodge Bridge, Near Eagle Point, Or",EGLO3
14361500,"Rogue River At Grants Pass, Or",GRAO3
14378430,"Rogue River At Hwy 101 Bridge, At Wedderburn, Or",
14359000,"Rogue River At Raygold Near Central Point, Or",RYGO3
14330000,"Rogue River Below Prospect, Or",
14372300,"Rogue River Near Agness, Or",AGNO3
14337600,"Rogue River Near Mcleod, Or",
14154500,"Row River Above Pitcher Creek, Near Dorena, Or",DRRO3
14155500,"Row River Near Cottage Grove, Or",
11525530,Rush C Nr Lewiston Ca,RCLC1
11463980,Russian R A Digger Bend Nr Healdsburg Ca,RRHC1
11463500,Russian R A Geyserville Ca,GEYC1
11467000,Russian R A Hacienda Bridge Nr Guerneville Ca,RIOC1
11467270,Russian R A Highway 1 Bridge Nr Jenner Ca,RROC1
11463682,Russian R A Jimtown Ca,JIMC1
11467002,Russian R A Johnsons Beach A Guerneville Ca,GUEC1
11463000,Russian R Nr Cloverdale Ca,CDLC1
11464000,Russian R Nr Healdsburg Ca,HEAC1
11462500,Russian R Nr Hopland Ca,HOPC1
11462080,Russian R Nr Talmage Ca,TLMC1
11461000,Russian R Nr Ukiah Ca,UKAC1
11465390,Russian R Nr Windsor Ca,WDSC1
10320000,"S Fk Humboldt Rv Abv Dixie Ck Nr Elko, Nv",DIXN2
10319900,"S Fk Humboldt Rv Abv Tenmile Ck Nr Elko, Nv",SFHN2
11336680,S Mokelumne R A New Hope Br Nr Walnut Grove Ca,MWGC1
10249300,"S Twin Rv Nr Round Mountain, Nv",TWRN2
11389500,Sacramento R A Colusa Ca,CLUC1
11455478,Sacramento R A Decker Island Nr Rio Vista Ca,DEKC1
11342000,Sacramento R A Delta Ca,
11447650,Sacramento R A Freeport Ca,FPOC1
11370500,Sacramento R A Keswick Ca,KESC1
11447540,Sacramento R A Pier A West Sacramento Ca,
11455420,Sacramento R A Rio Vista Ca,RVTC1
11425500,Sacramento R A Verona Ca,VONC1
11377100,Sacramento R Ab Bend Bridge Nr Red Bluff Ca,BDBC1
11447890,Sacramento R Ab Delta Cross Channel Ca,
11447905,Sacramento R Bl Georgiana Slough Ca,
11390500,Sacramento R Bl Wilkins Slough Nr Grimes Ca,WLKC1
11455095,Sacramento R Deep Water Ship Channel Nr Freeport,
11455335,Sacramento R Deep Water Ship Channel Nr Rio Vista,
10343500,Sagehen C Nr Truckee Ca,SGNC1
11147500,Salinas R A Paso Robles Ca,PRBC1
11151700,Salinas R A Soledad Ca,SDDC1
11150500,Salinas R Nr Bradley Ca,BRDC1
11152300,Salinas R Nr Chualar Ca,CHLC1
11152500,Salinas R Nr Spreckels Ca,SPRC1
13105000,Salmon Falls Creek Nr San Jacinto Nv,SFLN2
11522500,Salmon R A Somes Bar Ca,SBRC1
11132500,Salsipuedes C Nr Lompoc Ca,SLUC1
11070465,Salt C A Murrieta Rd Nr Sun City Ca,SKEC1
10254050,Salt C Nr Mecca,ZSCC1
11261100,Salt Slough A Hwy 165 Nr Stevinson Ca,SSHC1
10254005,Salton Sea Nr Westmorland Ca,
11162730,San Andreas Lake A Dam Nr Millbrae Ca,AREC1
3.74E+14,San Antonio C A Indian Creek Road Nr Sunol Ca,ACSC1
11135800,San Antonio C A Los Alamos Ca,SISC1
11073300,San Antonio C A Riverside Drive Nr Chino Ca,IOCC1
11136100,San Antonio C Nr Casmalia Ca,NRCC1
11174000,San Antonio C Nr Sunol Ca,ACSC1
11149900,San Antonio R Nr Lockwood Ca,LWDC1
11173990,San Antonio Reservoir Nr Sunol Ca,
11158600,San Benito R A Hwy 156 Nr Hollister Ca,HOSC1
11156500,San Benito R Nr Willow Creek School Ca,PIIC1
11023000,San Diego R A Fashion Valley At San Diego Ca,FSNC1
11022480,San Diego R A Mast Rd Nr Santee Ca,SDGC1
3.73E+14,San Francisco Bay A Old Dumbarton Br Nr Newark Ca,DMBC1
11164500,San Francisquito C A Stanford University Ca,SFCC1
11087020,San Gabriel R Ab Whittier Narrows Dam Ca,SRQC1
11085000,San Gabriel R Bl Santa Fe Dam Nr Baldwin Pk Ca,SFHC1
11162570,San Gregorio C A San Gregorio Ca,SXGC1
11070210,San Jacinto R A Ramona Expressway Nr Lakeview Ca,SJTC1
11070150,San Jacinto R Ab State Street Nr San Jacinto Ca,SJKC1
11070500,San Jacinto R Nr Elsinore Ca,SJVC1
11069500,San Jacinto R Nr San Jacinto,SJIC1
11070365,San Jacinto R Nr Sun City Ca,SJQC1
11261500,San Joaquin R A Fremont Ford Bridge Ca,FRFC1
11337190,San Joaquin R A Jersey Point Ca,JRSC1
11253130,San Joaquin R A N San Mateo Rd Nr Mendota Ca,SWUC1
11313460,San Joaquin R A Prisoners Pt Nr Terminous Ca,PRXC1
11273400,San Joaquin R Ab Merced R Nr Newman Ca,SJDC1
11251000,San Joaquin R Bl Friant Ca,SJFC1
11304810,San Joaquin R Bl Garwood Bridge A Stockton Ca,SQGC1
11274550,San Joaquin R Nr Crows Landing Ca,CRDC1
11254000,San Joaquin R Nr Mendota Ca,SJMC1
11274000,San Joaquin R Nr Newman Ca,NWMC1
11303500,San Joaquin R Nr Vernalis Ca,VNSC1
11120500,San Jose C Nr Goleta Ca,SJEC1
11046530,San Juan C At La Novia St Br At San Juan Capis Ca,SJPC1
11181000,San Lorenzo C A Hayward Ca,LRZC1
11181040,San Lorenzo C A San Lorenzo Ca,SLCC1
11180825,San Lorenzo C Ab Don Castro Res Nr Castro V Ca,LSCC1
11151300,San Lorenzo C Bl Bitterwater C Nr King City Ca,KCYC1
11160500,San Lorenzo R A Big Trees Ca,BTEC1
11161000,San Lorenzo R A Santa Cruz Ca,LRRC1
11042000,San Luis Rey R A Oceanside Ca,SLOC1
11162753,San Mateo C Bl Lo Crystal Sp Res Nr San Mateo Ca,MEDC1
11046300,San Mateo C Nr San Clemente Ca,NMTC1
11120520,San Pedro C A Goleta Ca,SKVC1
11182500,San Ramon C A San Ramon Ca,RACC1
11057500,San Timoteo C Nr Loma Linda Ca,TIMC1
11022100,San Vicente Res Nr Lakeside Ca,VCTC1
11058000,Sand Canyon C Nr Highland Ca,HGHC1
11044350,Sandia C Nr Fallbrook Ca,SDQC1
14142500,"Sandy River Blw Bull Run River, Nr Bull Run, Or",SNDO3
14137000,"Sandy River Near Marmot, Or",SRMO3
11059300,Santa Ana R A E St Nr San Bernardino Ca,SREC1
11066460,Santa Ana R A Mwd Crossing Ca,MWXC1
11078000,Santa Ana R A Santa Ana Ca,SRVC1
11074000,Santa Ana R Bl Prado Dam Ca,PDDC1
11051499,Santa Ana R Nr Mentone (river Only) Ca,SRWC1
11136600,Santa Barbara Cyn C Nr Ventucopa Ca,SCXC1
11109000,Santa Clara R Nr Piru Ca,SCPC1
11124500,Santa Cruz C Nr Santa Ynez Ca,SCCC1
11042900,Santa Gertrudis C Nr Temecula Ca,GRTC1
11044300,Santa Margarita R A Fpud Sump Nr Fallbrook Ca,SMFC1
11046050,Santa Margarita R A Mouth Nr Oceanside Ca,MGAC1
11046000,Santa Margarita R A Ysidora Ca,YDRC1
11044000,Santa Margarita R Nr Temecula Ca,SMHC1
11028500,Santa Maria C Nr Ramona Ca,SMKC1
11140585,Santa Maria R A Suey Crossing Nr Santa Maria Ca,SUYC1
11113500,Santa Paula C Nr Santa Paula,SPPC1
11466200,Santa Rosa C A Santa Rosa Ca,SSAC1
11466320,Santa Rosa C A Willowside Rd Nr Santa Rosa Ca,TARC1
11134000,Santa Ynez R A H St Nr Lompoc Ca,SYRC1
11133000,Santa Ynez R A Narrows Nr Lompoc Ca,NRWC1
11128500,Santa Ynez R A Solvang Ca,SVGC1
11122000,Santa Ynez R Ab Gibraltar Dam Nr Santa Barbara Ca,GBPC1
11123000,Santa Ynez R Bl Gibraltar Dam Nr Santa Barbara Ca,GBTC1
11123500,Santa Ynez R Bl Los Laurls Cyn Nr Snta Ynez Ca,LLYC1
11126000,Santa Ynez R Nr Santa Ynez Ca,SYYC1
11025500,Santa Ysabel C Nr Ramona Ca,SYBC1
11075800,Santiago C A Modjeska Ca,MSTC1
11077500,Santiago C A Santa Ana Ca,SKAC1
14189000,"Santiam River At Jefferson, Or",JFFO3
11051502,Sar Supp Gage Nr Mentone Ca,SRDC1
11169500,Saratoga C A Saratoga Ca,SOGC1
14188610,"Schafer Creek Near Lacomb, Or",SLCO3
14202980,"Scoggins Ck Blw Henry Hagg Lake, Nr Gaston, Or",
11519500,Scott R Nr Fort Jones Ca,FTJC1
11113000,Sespe C Nr Fillmore,SESC1
11111500,Sespe Creek Near Wheeler Springs Ca,SSWC1
11504290,"Sevenmile Cnl At Dike Rd Br, Nr Klamath Agency, Or",
14326510,"Sf Coquille River At Myrtle Point, Or",MYPO3
11475800,Sf Eel R A Leggett Ca,LEGC1
11476500,Sf Eel R Nr Miranda Ca,MRNC1
11467510,Sf Gualala R Nr The Sea Ranch Ca,GSRC1
11189500,Sf Kern R Nr Onyx Ca,SKRC1
11345500,Sf Pit R Nr Likely Ca,PLYC1
11528700,Sf Trinity R Bl Hyampom Ca,HYMC1
11203580,Sf Tule R Nr Cholollo Campground Nr Porterville Ca,TUPC1
11204100,Sf Tule R Nr Reservation Bndry Nr Porterville Ca,TRVC1
10255897,Sf Whitewater R Div Nr Banning Ca,WWUC1
10255895,Sf Whitewater R Nr Banning Ca,
11455276,Shag Slough A Liberty Island Nr Courtland Ca,
11517000,Shasta R Nr  Montague Ca,TAGC1
11517500,Shasta R Nr Yreka Ca,YREC1
14093000,"Shitike Creek Near Warm Springs, Or",
14092750,"Shitike Crk At Peters Pasture, Nr Warm Springs, Or",
14305500,"Siletz River At Siletz, Or",SILO3
14200300,"Silver Creek At Silverton, Or",SCSO3
10393500,"Silvies River Near Burns,oreg.",
10321925,"Simon Ck At Hwy 766 Nr Carlin, Nv",
11140000,Sisquoc R Nr Garey,GARC1
11138500,Sisquoc R Nr Sisquoc Ca,SQQC1
14307620,"Siuslaw River Near Mapleton, Or",MPLO3
9419665,"Sloan Channel At Charleston Blvd Nr Las Vegas, Nv",SCCN2
9419659,Sloan Channel Trib At Las Vegas Blvd Nr N Lv,SLON2
11532500,Smith R Nr Crescent City Ca,CREC1
11532650,Smith R Nr Fort Dick Ca,FTDC1
14158790,"Smith River Abv Smith R Resv,nr Belknap Sprngs,or",
14158798,Smith River Abv Trail Brdg Resv Nr Belknap Springs,
13290450,Snake River At Hells Canyon Dam Id-or State Line,HCDI1
10256500,Snow C Nr White Water Ca,
14159200,So Fk Mckenzie River Abv Cougar Lake Nr Rainbow Or,SFCO3
11458500,Sonoma C A Agua Caliente Ca,AGCC1
11458433,Sonoma Creek A Kenwood Ca,KWDC1
11160000,Soquel C A Soquel Ca,SOQC1
14139800,"South Fork Bull Run River Near Bull Run, Or",SBRO3
14325000,"South Fork Coquille River At Powers, Or",POWO3
14159500,"South Fork Mckenzie River Near Rainbow, Or",CGRO3
14332000,"South Fork Rogue River Near Prospect, Or",
14187500,"South Santiam River At Waterloo, Or",WTLO3
14185000,"South Santiam River Below Cascadia, Or",
14187200,"South Santiam River Near Foster, Or",
14308000,"South Umpqua River At Tiller, Or",TILO3
14312000,"South Umpqua River Near Brockway, Or",WSNO3
14194150,"South Yamhill River At Mcminnville, Or",MCMO3
11401920,Spanish C A Quincy Ca,SQUC1
11402000,Spanish C Ab Blackhawk C At Keddie Ca,SCBC1
11501000,"Sprague River Near Chiloquin, Or",CHSO3
10344300,Stampede Res Nr Boca Ca,STPC1
11303000,Stanislaus R A Ripon Ca,RIPC1
14362250,"Star Gulch Near Ruch, Or",
10349980,"Steamboat Ck At Cleanwater Way Nr Reno, Nv",SCWN2
10349849,"Steamboat Ck At Short Ln At Reno, Nv",
10349300,"Steamboat Ck At Steamboat, Nv",SCRN2
14316700,"Steamboat Creek Near Glide, Or",SCRO3
11447850,Steamboat Slough Nr Walnut Grove Ca,
10244950,"Steptoe Ck Nr Ely, Nv",STEN2
14375100,"Sucker Creek Blw Little Grayback Ck, Nr Holland,or",
10321590,"Susie Ck At Carlin, Nv",SUSN2
11447830,Sutter Slough A Courtland Ca,
11016200,Sweetwater R A Dehesa Ca,DEHC1
11015000,Sweetwater R Nr Descanso Ca,SWCC1
10258000,Tahquitz C Nr Palm Springs Ca,TQUC1
11042400,Temecula C Nr Aguanga Ca,TEKC1
11071900,Temescal C A Corona Lk Nr Corona Ca,TMCC1
11072100,Temescal C Ab Main St A Corona Ca,TSLC1
10336698,"Third Ck Nr Crystal Bay, Nv",THCN2
14188800,"Thomas Creek Near Scio, Or",TRSO3
11337080,Threemile Slough Nr Rio Vista Ca,TSGC1
9523400,"Titsink Canal Near Yuma, Az",
11455140,Toe Drain A Liberty Island Nr Courtland Ca,
11455139,Toe Drain A Mallard Rd Nr Courtland Ca,
10322510,"Tonkin Spg Outflow Abv Denay Ck Nr Eureka, Nv",TONN2
10297010,"Topaz Canal Blw Topaz Lake Nr Topaz, Ca",TPCN2
10297000,"Topaz Lake Nr Topaz, Ca",TOPN2
14302480,"Trask River Above Cedar Creek, Near Tillamook, Or",TRAO3
4.53E+14,"Trask River At Highway 101, Near Tillamook, Or",
11157500,Tres Pinos C Nr Tres Pinos Ca,TESC1
11525854,Trinity R A Douglas City Ca,DCYC1
11530000,Trinity R A Hoopa Ca,HOOC1
11526250,Trinity R A Junction City Ca,TRJC1
11525500,Trinity R A Lewiston Ca,LLKC1
11523200,Trinity R Ab Coffee C Nr Trinity Center Ca,TCCC1
11526400,Trinity R Ab Nf Trinity R Nr Helena Ca,
11525655,Trinity R Bl Limekiln Gulch Nr Douglas City Ca,TLKC1
11527000,Trinity R Nr Burnt Ranch Ca,BURC1
10336780,"Trout Ck Nr Tahoe Valley, Ca",TTVC1
10351400,"Truckee Canal Nr Hazen, Nv",HZNN2
10351300,"Truckee Canal Nr Wadsworth, Nv",TCWN2
10344505,Truckee R A Boca Bridge Nr Truckee Ca,TBBC1
10346000,Truckee R A Farad Ca,FARC1
10337500,Truckee R A Tahoe City Ca,TRTC1
10339410,Truckee R Bl Martis C Nr Truckee Ca,TBMC1
10338000,Truckee R Nr Truckee Ca,TRCC1
10348036,"Truckee Rv At Glendale Ave Nr Sparks, Nv",TSGN2
10348000,"Truckee Rv At Reno, Nv",TRRN2
10350000,"Truckee Rv At Vista, Nv",VISN2
10351650,"Truckee Rv At Wadsworth, Nv",WADN2
10351600,"Truckee Rv Blw Derby Dam Nr Wadsworth, Nv",TBDN2
10347460,"Truckee Rv Nr Mogul, Nv",MOGN2
10351700,"Truckee Rv Nr Nixon, Nv",NIXN2
10348200,"Truckee Rv Nr Sparks, Nv",STRN2
10350340,"Truckee Rv Nr Tracy, Nv",TNTN2
14211315,"Tryon Creek Near Lake Oswego, Or",
14207500,"Tualatin River At West Linn, Or",WSLO3
14203500,"Tualatin River Near Dilley, Or",DLLO3
14303200,"Tucca Creek Near Blaine, Or.",TUCO3
11299995,Tulloch Res Nr Knights Ferry Ca,TUKC1
11274790,Tuolumne R A Grand Cyn Of Tuolumne Ab Hetch Hetchy,TGCC1
11290000,Tuolumne R A Modesto Ca,MDSC1
11276600,Tuolumne R Ab Early Intake Nr Mather Ca,TEIC1
11276900,Tuolumne R Bl Early Intake Nr Mather Ca,EIMC1
11289650,Tuolumne R Bl Lagrange Dam Nr Lagrange Ca,LNGC1
11276500,Tuolumne R Nr Hetch Hetchy Ca,HEHC1
11289500,Turlock Cn Nr La Grange Ca,TUCC1
11311300,Turner Cut Nr Holt Ca,TUEC1
11455268,Ulatis C Nr Elmira Ca,
14020850,"Umatilla R At W Reservation Bndy Nr Pendleton, Or",PDUO3
14020000,"Umatilla River Above Meacham Creek, Nr Gibbon, Or",GIBO3
14033500,"Umatilla River Near Umatilla, Or",UMAO3
14321000,"Umpqua River Near Elkton, Or",EKTO3
103087835,Unnamed Trib 1 To Leviathan C At Leviathan Mine Ca,
103087865,Unnamed Trib 2 To Leviathan C At Leviathan Mine Ca,
14348430,"Unnamed Trib To Wbr Carter Creek, Near Ashland, Or",
11507001,Upper Klamath Lake Nr K.falls(weight/mean Elev) Or,
103366092,"Upper Truckee Rv At Hwy 50 Abv Meyers, Ca",UTHC1
10336610,"Upper Truckee Rv At South Lake Tahoe, Ca",UTRC1
11042510,Vail Lk Nr Temecula Ca,VLKC1
11478500,Van Duzen R Nr Bridgeville Ca,BRGC1
11118500,Ventura R Nr Ventura,VRVC1
11312672,Victoria Canal Nr Byron Ca,VCUC1
9415250,"Virgin Rv Abv Lake Mead Nr Overton, Nv",VLMN2
9413700,"Virgin Rv Abv The Narrows Nr Littlefield, Az",VNLA3
9415000,"Virgin Rv At Littlefield, Az",VLTA3
9415090,"Virgin Rv At Mesquite, Nv",
9419530,"Virgin Rv Blw Conf Of Muddy Rv Nr Overton, Nv",
10310000,"W Fk Carson Rv At Woodfords, Ca",WOOC1
10297500,"W Walker Rv At Hoye Brg Nr Wellington, Nv",HOYN2
10296000,"W Walker Rv Blw L Walker Rv Nr Coleville, Ca",WWBC1
10296500,"W Walker Rv Nr Coleville, Ca",CLEC1
10300000,"W Walker Rv Nr Hudson, Nv",WWHN2
11460750,Walker C Nr Marshall Ca,WKEC1
10288500,"Walker Lake Nr Hawthorne, Nv",WLHN2
10301745,"Walker Rv Abv Little Dam Nr Schurz, Nv",WLTN2
10301600,"Walker Rv Abv Weber Res Nr Schurz, Nv",WLTN2
10302002,"Walker Rv At Lateral 2-a Siphon Nr Schurz, Nv",WSIN2
10301120,"Walker Rv At Miller Ln Nr Yerington, Nv",
10301720,"Walker Rv At Pt Site Blw Weber Res Nr Schurz, Nv",WVRN2
10300600,"Walker Rv At Snyder Ln Nr Mason, Nv",MASN2
10302025,"Walker Rv Nr Mouth At Walker Lake, Nv",WRMN2
10301500,"Walker Rv Nr Wabuska, Nv",WALN2
10301115,"Walker Rvr Blw Yerington Weir Nr Yerington, Nv",WYWN2
14202630,"Wapato Canal At Pump House, At Gaston, Or",
10336676,Ward C At Hwy 89 Nr Tahoe Pines Ca,WDKC1
10336674,Ward C Bl Confluence Nr Tahoe City Ca,WCBC1
11060400,Warm C Nr San Bernardino Ca,WRMC1
9415927,"Warm Spgs Confl At Iverson Flume Nr Moapa, Nv",WSCN2
9415920,"Warm Spgs W Nr Moapa, Nv",WSWN2
11042800,Warm Springs C Nr Murrieta Ca,WRSC1
14097100,"Warm Springs River Near Kahneeta Hot Springs, Or",KAHO3
11058600,Waterman Canyon Creek Nr Arrowhead Springs Ca,WERC1
10301700,"Weber Res Nr Schurz, Nv",WVRN2
14353000,"West Fork Ashland Creek Near Ashland, Or",
14309500,"West Fork Cow Creek Near Glendale, Or",GLNO3
10260950,Wf Mojave R Ab Mojave R Forks Res Nr Hesperia Ca,WFMC1
10259300,Whitewater R A Indio Ca,WTIC1
10259100,Whitewater R A Rancho Mirage Ca,WWIC1
10257548,Whitewater R A Windy Point Main Channel Ca,
10257549,Whitewater R A Windy Point Overflow Channel Ca,
3.40E+14,Whitewater R Div Flume In Up Burnt Cyn Nr Banning,
10259540,Whitewater R Nr Mecca,WIMC1
13174000,"Wild Horse Res Nr Gold Cr, Nv",WDHN2
14187000,"Wiley Creek Near Foster, Or",
14207740,"Willamette River Above Falls, At Oregon City, Or",OCUO3
14174000,"Willamette River At Albany, Or",ALBO3
14171600,"Willamette River At Corvallis, Or",CORO3
14166000,"Willamette River At Harrisburg, Or",HARO3
14197900,"Willamette River At Newberg, Or",
14211720,"Willamette River At Portland, Or",
14191000,"Willamette River At Salem, Or",SLMO3
14207770,"Willamette River Below Falls, At Oregon City, Or",ORCO3
11502500,"Williamson River Blw Sprague River Nr Chiloquin,or",WMSO3
11493500,"Williamson River Near Klamath Agency, Or",WKAO3
103225055,"Willow Ck At Allison Ranch Nr Garden Gate Pass, Nv",WILN2
10251335,"Willow Ck At China Ranch, Ca",WLWC1
14034470,"Willow Creek Abv Willow Cr Lake, Nr Heppner, Or",
14034500,"Willow Creek At Heppner, Or",
14034608,"Willow Creek At Morgan Street, At Heppner, Or",
14034490,"Willow Creek Lake At Heppner, Or",
14302020,"Wilson River At Sollie Smith Br At Tillamook, Or",WTSO3
14301500,"Wilson River Near Tillamook, Or",TLMO3
14150800,"Winberry Creek Near Lowell,or",WCLO3
10348570,"Winters Ck Blw Us Alt 395 Nr Washoe City, Nv",WCWN2
11504115,"Wood River Near Klamath Agency, Or",WRLO3
9523600,"Yaqui Canal Near Yuma, Az",
11453000,Yolo Bypass Nr Woodland Ca,YOLC1
9526200,"Ypsilanti Canal Near Winterhaven, Ca",
11421000,Yuba R Nr Marysville Ca,MRYC1
9524700,"Yuma Main Canal Above Wasteway Nr Winterhaven, Ca",
9524000,"Yuma Main Canal At Siphon Drop P.p. Nr Yuma, Az",
9525000,"Yuma Main Canal Wasteway At Yuma, Az",
11129800,Zaca C Nr Buellton Ca,ZCCC1
14201300,"Zollner Creek Near Mt Angel, Or",
